000_HC_3.png,3.0
001_HC_3.png,3.0
002_HC_3.png,3.0
003_HC_3.png,3.0
004_HC_3.png,3.0
005_HC_3.png,3.0
006_HC_3.png,3.0
007_HC_3.png,3.0
008_HC_3.png,3.0
009_HC_3.png,3.0
010_2HC_3.png,2.0
010_HC_3.png,3.0
011_HC_3.png,3.0
012_HC_3.png,3.0
013_HC_3.png,3.0
014_2HC_3.png,2.0
014_3HC_3.png,3.0
014_HC_3.png,3.0
015_HC_3.png,3.0
016_HC_3.png,3.0
017_2HC_3.png,2.0
017_HC_3.png,3.0
018_HC_3.png,3.0
019_2HC_3.png,2.0
019_HC_3.png,3.0
020_HC_3.png,3.0
021_HC_3.png,3.0
022_2HC_3.png,2.0
022_HC_3.png,3.0
023_2HC_3.png,2.0
023_HC_3.png,3.0
024_HC_3.png,3.0
025_HC_3.png,3.0
026_2HC_3.png,2.0
026_HC_3.png,3.0
027_HC_3.png,3.0
028_HC_3.png,3.0
029_HC_3.png,3.0
030_HC_3.png,3.0
031_HC_3.png,3.0
032_2HC_3.png,2.0
032_HC_3.png,3.0
033_2HC_3.png,2.0
033_HC_3.png,3.0
034_HC_3.png,3.0
035_HC_3.png,3.0
036_HC_3.png,3.0
037_HC_3.png,3.0
038_HC_3.png,3.0
039_HC_3.png,3.0
040_HC_3.png,3.0
041_HC_3.png,3.0
042_HC_3.png,3.0
043_HC_3.png,3.0
044_HC_3.png,3.0
045_HC_3.png,3.0
046_HC_3.png,3.0
047_HC_3.png,3.0
048_HC_3.png,3.0
049_HC_3.png,3.0
050_2HC_3.png,2.0
050_HC_3.png,3.0
051_HC_3.png,3.0
052_HC_3.png,3.0
053_HC_3.png,3.0
054_HC_3.png,3.0
055_HC_3.png,3.0
056_HC_3.png,3.0
057_HC_3.png,3.0
058_HC_3.png,3.0
059_HC_3.png,3.0
060_HC_3.png,3.0
061_2HC_3.png,2.0
061_HC_3.png,3.0
062_HC_3.png,3.0
063_2HC_3.png,2.0
063_3HC_3.png,3.0
063_HC_3.png,3.0
064_2HC_3.png,2.0
064_HC_3.png,3.0
065_HC_3.png,3.0
066_2HC_3.png,2.0
066_HC_3.png,3.0
067_HC_3.png,3.0
068_2HC_3.png,2.0
068_HC_3.png,3.0
069_HC_3.png,3.0
070_HC_3.png,3.0
071_HC_3.png,3.0
072_HC_3.png,3.0
073_HC_3.png,3.0
074_HC_3.png,3.0
075_HC_3.png,3.0
076_HC_3.png,3.0
077_HC_3.png,3.0
078_HC_3.png,3.0
079_HC_3.png,3.0
080_HC_3.png,3.0
081_HC_3.png,3.0
082_2HC_3.png,2.0
082_HC_3.png,3.0
083_2HC_3.png,2.0
083_HC_3.png,3.0
084_HC_3.png,3.0
085_HC_3.png,3.0
086_HC_3.png,3.0
087_HC_3.png,3.0
088_2HC_3.png,2.0
088_HC_3.png,3.0
089_HC_3.png,3.0
090_HC_3.png,3.0
091_HC_3.png,3.0
092_HC_3.png,3.0
093_2HC_3.png,2.0
093_HC_3.png,3.0
094_HC_3.png,3.0
095_HC_3.png,3.0
096_HC_3.png,3.0
097_HC_3.png,3.0
098_HC_3.png,3.0
099_HC_3.png,3.0
100_2HC_3.png,2.0
100_HC_3.png,3.0
101_HC_3.png,3.0
102_2HC_3.png,2.0
102_HC_3.png,3.0
103_HC_3.png,3.0
104_HC_3.png,3.0
105_HC_3.png,3.0
106_HC_3.png,3.0
107_2HC_3.png,2.0
107_HC_3.png,3.0
108_2HC_3.png,2.0
108_3HC_3.png,3.0
108_HC_3.png,3.0
109_HC_3.png,3.0
110_HC_3.png,3.0
111_HC_3.png,3.0
112_HC_3.png,3.0
113_HC_3.png,3.0
114_HC_3.png,3.0
115_HC_3.png,3.0
116_HC_3.png,3.0
117_HC_3.png,3.0
118_HC_3.png,3.0
119_HC_3.png,3.0
120_HC_3.png,3.0
121_2HC_3.png,2.0
121_HC_3.png,3.0
122_HC_3.png,3.0
123_HC_3.png,3.0
124_2HC_3.png,2.0
124_HC_3.png,3.0
125_2HC_3.png,2.0
125_3HC_3.png,3.0
125_HC_3.png,3.0
126_2HC_3.png,2.0
126_3HC_3.png,3.0
126_HC_3.png,3.0
127_HC_3.png,3.0
128_HC_3.png,3.0
129_HC_3.png,3.0
130_HC_3.png,3.0
131_HC_3.png,3.0
132_HC_3.png,3.0
133_2HC_3.png,2.0
133_3HC_3.png,3.0
133_4HC_3.png,3.0
133_HC_3.png,3.0
134_HC_3.png,3.0
135_HC_3.png,3.0
136_2HC_3.png,2.0
136_HC_3.png,3.0
137_HC_3.png,3.0
138_2HC_3.png,2.0
138_HC_3.png,3.0
139_HC_3.png,3.0
140_HC_3.png,3.0
141_2HC_3.png,2.0
141_HC_3.png,3.0
142_HC_3.png,3.0
143_2HC_3.png,2.0
143_HC_3.png,3.0
144_2HC_3.png,2.0
144_HC_3.png,3.0
145_HC_3.png,3.0
146_2HC_3.png,2.0
146_HC_3.png,3.0
147_HC_3.png,3.0
148_HC_3.png,3.0
149_HC_3.png,3.0
150_HC_3.png,3.0
151_HC_3.png,3.0
152_HC_3.png,3.0
153_HC_3.png,3.0
154_HC_3.png,3.0
155_HC_3.png,3.0
156_2HC_3.png,2.0
156_HC_3.png,3.0
157_HC_3.png,3.0
158_HC_3.png,3.0
159_HC_3.png,3.0
160_HC_3.png,3.0
161_HC_3.png,3.0
162_HC_3.png,3.0
163_HC_3.png,3.0
164_2HC_3.png,2.0
164_HC_3.png,3.0
165_HC_3.png,3.0
166_HC_3.png,3.0
167_HC_3.png,3.0
168_HC_3.png,3.0
169_HC_3.png,3.0
170_HC_3.png,3.0
171_HC_3.png,3.0
172_HC_3.png,3.0
173_HC_3.png,3.0
174_HC_3.png,3.0
175_HC_3.png,3.0
176_HC_3.png,3.0
177_HC_3.png,3.0
178_2HC_3.png,2.0
178_HC_3.png,3.0
179_HC_3.png,3.0
180_HC_3.png,3.0
181_HC_3.png,3.0
182_HC_3.png,3.0
183_HC_3.png,3.0
184_HC_3.png,3.0
185_HC_3.png,3.0
186_HC_3.png,3.0
187_HC_3.png,3.0
188_HC_3.png,3.0
189_HC_3.png,3.0
190_HC_3.png,3.0
191_HC_3.png,3.0
192_2HC_3.png,2.0
192_HC_3.png,3.0
193_2HC_3.png,2.0
193_HC_3.png,3.0
194_HC_3.png,3.0
195_2HC_3.png,2.0
195_HC_3.png,3.0
196_HC_3.png,3.0
197_HC_3.png,3.0
198_2HC_3.png,2.0
198_HC_3.png,3.0
199_HC_3.png,3.0
200_HC_3.png,3.0
201_HC_3.png,3.0
202_HC_3.png,3.0
203_2HC_3.png,2.0
203_3HC_3.png,3.0
203_4HC_3.png,3.0
203_HC_3.png,3.0
204_HC_3.png,3.0
205_HC_3.png,3.0
206_HC_3.png,3.0
207_HC_3.png,3.0
208_HC_3.png,3.0
209_HC_3.png,3.0
210_2HC_3.png,2.0
210_HC_3.png,3.0
211_HC_3.png,3.0
212_HC_3.png,3.0
213_2HC_3.png,2.0
213_HC_3.png,3.0
214_HC_3.png,3.0
215_HC_3.png,3.0
216_HC_3.png,3.0
217_HC_3.png,3.0
218_HC_3.png,3.0
219_HC_3.png,3.0
220_2HC_3.png,2.0
220_HC_3.png,3.0
221_HC_3.png,3.0
222_HC_3.png,3.0
223_2HC_3.png,2.0
223_HC_3.png,3.0
224_HC_3.png,3.0
225_2HC_3.png,2.0
225_HC_3.png,3.0
226_HC_3.png,3.0
227_2HC_3.png,2.0
227_HC_3.png,3.0
228_HC_3.png,3.0
229_2HC_3.png,2.0
229_HC_3.png,3.0
230_2HC_3.png,2.0
230_HC_3.png,3.0
231_HC_3.png,3.0
232_HC_3.png,3.0
233_HC_3.png,3.0
234_HC_3.png,3.0
235_2HC_3.png,2.0
235_HC_3.png,3.0
236_HC_3.png,3.0
237_2HC_3.png,2.0
237_3HC_3.png,3.0
237_HC_3.png,3.0
238_HC_3.png,3.0
239_HC_3.png,3.0
240_HC_3.png,3.0
241_HC_3.png,3.0
242_HC_3.png,3.0
243_2HC_3.png,2.0
243_3HC_3.png,3.0
243_HC_3.png,3.0
244_HC_3.png,3.0
245_2HC_3.png,2.0
245_3HC_3.png,3.0
245_HC_3.png,3.0
246_HC_3.png,3.0
247_HC_3.png,3.0
248_HC_3.png,3.0
249_HC_3.png,3.0
250_HC_3.png,3.0
251_HC_3.png,3.0
252_HC_3.png,3.0
253_HC_3.png,3.0
254_HC_3.png,3.0
255_HC_3.png,3.0
256_HC_3.png,3.0
257_HC_3.png,3.0
258_HC_3.png,3.0
259_HC_3.png,3.0
260_2HC_3.png,2.0
260_HC_3.png,3.0
261_HC_3.png,3.0
262_HC_3.png,3.0
263_HC_3.png,3.0
264_HC_3.png,3.0
265_HC_3.png,3.0
266_HC_3.png,3.0
267_HC_3.png,3.0
268_HC_3.png,3.0
269_HC_3.png,3.0
270_HC_3.png,3.0
271_2HC_3.png,2.0
271_HC_3.png,3.0
272_HC_3.png,3.0
273_HC_3.png,3.0
274_HC_3.png,3.0
275_HC_3.png,3.0
276_2HC_3.png,2.0
276_HC_3.png,3.0
277_HC_3.png,3.0
278_2HC_3.png,2.0
278_HC_3.png,3.0
279_HC_3.png,3.0
280_HC_3.png,3.0
281_HC_3.png,3.0
282_HC_3.png,3.0
283_HC_3.png,3.0
284_HC_3.png,3.0
285_HC_3.png,3.0
286_HC_3.png,3.0
287_HC_3.png,3.0
288_HC_3.png,3.0
289_HC_3.png,3.0
290_HC_3.png,3.0
291_2HC_3.png,2.0
291_HC_3.png,3.0
292_HC_3.png,3.0
293_HC_3.png,3.0
294_2HC_3.png,2.0
294_HC_3.png,3.0
295_HC_3.png,3.0
296_HC_3.png,3.0
297_HC_3.png,3.0
298_HC_3.png,3.0
299_2HC_3.png,2.0
299_HC_3.png,3.0
300_2HC_3.png,2.0
300_HC_3.png,3.0
301_HC_3.png,3.0
302_HC_3.png,3.0
303_HC_3.png,3.0
304_HC_3.png,3.0
305_HC_3.png,3.0
306_HC_3.png,3.0
307_HC_3.png,3.0
308_HC_3.png,3.0
309_HC_3.png,3.0
310_HC_3.png,3.0
311_HC_3.png,3.0
312_2HC_3.png,2.0
312_HC_3.png,3.0
313_HC_3.png,3.0
314_HC_3.png,3.0
315_2HC_3.png,2.0
315_HC_3.png,3.0
316_HC_3.png,3.0
317_HC_3.png,3.0
318_HC_3.png,3.0
319_HC_3.png,3.0
320_HC_3.png,3.0
321_HC_3.png,3.0
322_HC_3.png,3.0
323_2HC_3.png,2.0
323_HC_3.png,3.0
324_HC_3.png,3.0
325_HC_3.png,3.0
326_HC_3.png,3.0
327_2HC_3.png,2.0
327_HC_3.png,3.0
328_HC_3.png,3.0
329_HC_3.png,3.0
330_HC_3.png,3.0
331_HC_3.png,3.0
332_HC_3.png,3.0
333_HC_3.png,3.0
334_HC_3.png,3.0
335_HC_3.png,3.0
336_HC_3.png,3.0
337_HC_3.png,3.0
338_HC_3.png,3.0
339_HC_3.png,3.0
340_2HC_3.png,2.0
340_HC_3.png,3.0
341_HC_3.png,3.0
342_HC_3.png,3.0
343_HC_3.png,3.0
344_HC_3.png,3.0
345_2HC_3.png,2.0
345_HC_3.png,3.0
346_HC_3.png,3.0
347_HC_3.png,3.0
348_HC_3.png,3.0
349_HC_3.png,3.0
350_HC_3.png,3.0
351_HC_3.png,3.0
352_2HC_3.png,2.0
352_HC_3.png,3.0
353_HC_3.png,3.0
354_HC_3.png,3.0
355_HC_3.png,3.0
356_HC_3.png,3.0
357_HC_3.png,3.0
358_HC_3.png,3.0
359_2HC_3.png,2.0
359_HC_3.png,3.0
360_2HC_3.png,2.0
360_HC_3.png,3.0
361_2HC_3.png,2.0
361_HC_3.png,3.0
362_HC_3.png,3.0
363_HC_3.png,3.0
364_2HC_3.png,2.0
364_HC_3.png,3.0
365_HC_3.png,3.0
366_HC_3.png,3.0
367_HC_3.png,3.0
368_HC_3.png,3.0
369_HC_3.png,3.0
370_HC_3.png,3.0
371_HC_3.png,3.0
372_HC_3.png,3.0
373_2HC_3.png,2.0
373_HC_3.png,3.0
374_HC_3.png,3.0
375_HC_3.png,3.0
376_2HC_3.png,2.0
376_HC_3.png,3.0
377_HC_3.png,3.0
378_HC_3.png,3.0
379_HC_3.png,3.0
380_HC_3.png,3.0
381_HC_3.png,3.0
382_2HC_3.png,2.0
382_HC_3.png,3.0
383_HC_3.png,3.0
384_2HC_3.png,2.0
384_HC_3.png,3.0
385_HC_3.png,3.0
386_HC_3.png,3.0
387_HC_3.png,3.0
388_HC_3.png,3.0
389_HC_3.png,3.0
390_HC_3.png,3.0
391_HC_3.png,3.0
392_2HC_3.png,2.0
392_3HC_3.png,3.0
392_HC_3.png,3.0
393_HC_3.png,3.0
394_2HC_3.png,2.0
394_HC_3.png,3.0
395_HC_3.png,3.0
396_HC_3.png,3.0
397_HC_3.png,3.0
398_HC_3.png,3.0
399_2HC_3.png,2.0
399_HC_3.png,3.0
400_HC_3.png,3.0
401_HC_3.png,3.0
402_HC_3.png,3.0
403_2HC_3.png,2.0
403_HC_3.png,3.0
404_2HC_3.png,2.0
404_HC_3.png,3.0
